candidate,frequency_mhz,period_ns,run_id,wns_ns,tns_ns,failing_setup_endpoints,worst_hold_slack_ns,pulse_width_wns_ns,setup_pass,hold_pass,overall_pass,lut,ff,ramb18,ramb36,dsp48,critical_startpoint,critical_endpoint,critical_data_delay_ns,critical_logic_delay_ns,critical_routing_delay_ns,logic_levels,critical_path_category,notes
Stage_F_baseline,100,10.000,stage_f_rep_1,-0.348,-2.091,6,0.058,4.500,false,true,false,1816,1705,2,0,5,cpu_inst/data_mem_inst/mem_reg/CLKARDCLK,cpu_inst/dot_chain_open_reg_reg/R,9.776,4.289,5.487,9,LOAD forwarding -> BEQ -> redirect -> DOT chain control,Stage F routed baseline
G1,100,10.000,g1_rep_1,-0.004,-0.004,1,0.034,4.500,false,true,false,1829,1706,2,0,5,cpu_inst/data_mem_inst/mem_reg/CLKARDCLK,cpu_inst/ex_mem_reg_reg[alu_result][9]/D,9.915,6.667,3.248,4,Inherited MAC8 BRAM -> DSP -> EX/MEM path,Original DOT chain-control endpoint removed
G2_rejected,100,10.000,g2_rep_1,-0.181,-1.889,26,0.034,4.500,false,true,false,1826,1705,2,0,5,cpu_inst/data_mem_inst/mem_reg/CLKARDCLK,cpu_inst/dot_chain_open_reg_reg/R,9.536,4.110,5.426,9,LOAD forwarding -> DOT chain control,G2 completion-forwarding qualification rejected
G3.1,100,10.000,g3_1_rep_1,0.111,0.000,0,0.084,4.500,true,true,true,1818,1704,2,0,5,cpu_inst/data_mem_inst/mem_reg/CLKARDCLK,cpu_inst/ex_mem_reg_reg[alu_result][26]/D,9.815,6.667,3.148,4,Inherited MAC8 BRAM -> DSP A port -> EX/MEM,G3.1 representative of 5/5 clean repetitions
G3_sweep,101,9.900990099010,g3_sweep_101mhz,-0.230,-1.643,30,0.059,4.450,false,true,false,1825,1704,2,0,5,,,,,,,,,,first observed failing sweep point
G3_sweep,102,9.803921568627,g3_sweep_102mhz,-0.152,-2.164,34,0.114,4.402,false,true,false,1826,1704,2,0,5,,,,,,,,,,sweep point
G3_sweep,103,9.708737864078,g3_sweep_103mhz,-0.107,-2.157,45,0.039,4.354,false,true,false,1824,1704,2,0,5,,,,,,,,,,sweep point
G3_sweep,104,9.615384615385,g3_sweep_104mhz,-0.148,-0.543,14,0.035,4.307,false,true,false,1825,1704,2,0,5,,,,,,,,,,sweep point
G3_sweep,105,9.523809523810,g3_sweep_105mhz,-0.036,-0.836,26,0.033,4.262,false,true,false,1826,1704,2,0,5,,,,,,,,,,sweep point
